Epoch,Error
0,1.0000036686365892
1,1.0000036412165125
2,1.0000036139202924
3,1.0000035867470918
4,1.0000035596960815
5,1.0000035327664378
6,1.0000035059573444
7,1.0000034792679908
8,1.0000034526975727
9,1.0000034262452928
10,1.00000339991036
11,1.0000033736919884
12,1.0000033475893992
13,1.0000033216018196
14,1.0000032957284821
15,1.0000032699686259
16,1.0000032443214955
17,1.0000032187863415
18,1.0000031933624203
19,1.000003168048994
