Epoch,Error
0,0.9999988943184863
1,0.9999988936100905
2,0.9999988929017944
3,0.9999988921935977
4,0.9999988914855004
5,0.9999988907775023
6,0.9999988900696033
7,0.9999988893618033
8,0.9999988886541024
9,0.9999988879465
10,0.9999988872389964
11,0.9999988865315914
12,0.999998885824285
13,0.9999988851170769
14,0.9999988844099668
15,0.9999988837029548
16,0.9999988829960407
17,0.9999988822892246
18,0.9999988815825063
19,0.9999988808758855
