Epoch,Error
0,1.0002734938619118
1,1.000267764144016
2,1.0002621762144701
3,1.0002567257872637
4,1.000251408734446
5,1.000246221079164
6,1.0002411589890574
7,1.0002362187699907
8,1.0002313968600989
9,1.0002266898241323
10,1.0002220943480833
11,1.000217607234075
12,1.0002132253955043
13,1.0002089458524186
14,1.0002047657271151
15,1.000200682239955
16,1.0001966927053716
17,1.000192794528074
18,1.0001889851994206
19,1.0001852622939718
